epoch,phase,source_best_epoch,total_loss,data_loss,ode_loss,ic_loss,forcing_loss,smooth_loss,d_smooth_loss,weighted_data_loss,weighted_ode_loss,weighted_ic_loss,weighted_forcing_loss,weighted_smooth_loss,weighted_d_smooth_loss,train_R2,all_R2,test_R2,optimizer_loss_before_step,summary_train_R2,summary_RMSE,summary_MAE
1,train,,0.30005553364753723,0.24485738575458527,8.732973098754883,0.5476126670837402,0.0023516679648309946,9.879569384807496e-11,7.939382157928776e-06,0.24485738575458527,0.0004366486391518265,0.05476126819849014,2.3516679448221112e-07,9.8795700353288e-14,3.969690895444522e-11,-4.372127816323321,-4.372127816323321,,0.3267243504524231,,,
25,train,,0.02569136768579483,0.01780608855187893,149.3599395751953,0.004170634783804417,0.0022014847490936518,5.0000082296719484e-08,0.0001200296392198652,0.01780608855187893,0.007467996794730425,0.00041706347838044167,2.2014846479123662e-07,5.0000083934298445e-11,6.001481533957076e-10,0.7787151481573041,0.7787151481573041,,0.028910282999277115,,,
50,train,,0.019120782613754272,0.013459754176437855,111.17362976074219,0.0010211068438366055,0.002368596848100424,2.0945232392932667e-07,9.436763502890244e-05,0.013459754176437855,0.005558681208640337,0.0001021106872940436,2.3685967676101427e-07,2.094523304796425e-10,4.71838179638695e-10,0.8311211506003278,0.8311211506003278,,0.01939499005675316,,,
75,train,,0.01755102165043354,0.011843720450997353,112.6993408203125,0.0007204757421277463,0.0028715450316667557,5.15321801231039e-07,9.819001570576802e-05,0.011843720450997353,0.0056349667720496655,7.204757275758311e-05,2.8715450639538176e-07,5.153218407549787e-10,4.909500583849535e-10,0.857098677688736,0.857098677688736,,0.01759174093604088,,,
100,train,,0.0169492419809103,0.011691022664308548,104.48917388916016,0.00033392568002454937,0.0036614856217056513,1.101195607589034e-06,9.346400474896654e-05,0.011691022664308548,0.005224458407610655,3.3392567274859175e-05,3.661485550310317e-07,1.101195690189627e-09,4.673200160176805e-10,0.8602365766450223,0.8602365766450223,,0.016969574615359306,,,
125,train,,0.01649954356253147,0.011361027136445045,102.15548706054688,0.00030261348001658916,0.00480325473472476,2.084521611322998e-06,9.447178308619186e-05,0.011361027136445045,0.0051077743992209435,3.0261348001658916e-05,4.803254682883562e-07,2.08452166639006e-09,4.723589297483954e-10,0.8648140343218522,0.8648140343218522,,0.01651487872004509,,,
150,train,,0.016207190230488777,0.011130793951451778,100.44422912597656,0.0005355027969926596,0.006302138790488243,3.482834699752857e-06,9.507303911959752e-05,0.011130793951451778,0.005022211465984583,5.355028042686172e-05,6.302138899627607e-07,3.482834909362964e-09,4.753651916544754e-10,0.8685375718693908,0.8685375718693908,,0.016215581446886063,,,
175,train,,0.017910875380039215,0.012616408057510853,103.7603530883789,0.0010564293479546905,0.008016892708837986,5.363985565054463e-06,9.874532406684011e-05,0.012616408057510853,0.0051880176179111,0.00010564293916104361,8.016892252271646e-07,5.363985700057583e-09,4.937266151472386e-10,0.8406695001147866,0.8406695001147866,,0.016895338892936707,,,
200,train,,0.016125131398439407,0.011084354482591152,100.03156280517578,0.00038142967969179153,0.010466699488461018,9.067340215551667e-06,9.653459710534662e-05,0.011084354482591152,0.005001578014343977,3.814296724158339e-05,1.0466699222888565e-06,9.067340656088163e-09,4.826729571583144e-10,0.8690845699188048,0.8690845699188048,,0.01625513844192028,,,
225,train,,0.015974750742316246,0.011046314612030983,97.6549072265625,0.0004427818057592958,0.01394922100007534,1.666199204919394e-05,9.498147119302303e-05,0.011046314612030983,0.004882745444774628,4.4278182031121105e-05,1.3949220374342985e-06,1.666199267447155e-08,4.7490733567912e-10,0.8701205901216768,0.8701205901216768,,0.015977593138813972,,,
250,train,,0.015896188095211983,0.010978261940181255,97.49213409423828,0.0004139051306992769,0.018981557339429855,3.136043233098462e-05,9.540023165754974e-05,0.010978261940181255,0.004874606616795063,4.1390514525119215e-05,1.8981556877406547e-06,3.136043247309317e-08,4.770011607924118e-10,0.870276673288071,0.870276673288071,,0.01589924842119217,,,
275,train,,0.018232768401503563,0.014163397252559662,79.74853515625,0.0007939038332551718,0.025017092004418373,5.2629573474405333e-05,7.785270281601697e-05,0.014163397252559662,0.003987426869571209,7.939038187032565e-05,2.5017091047629947e-06,5.262957714080585e-08,3.8926351031420836e-10,0.8515565211264686,0.8515565211264686,,0.017847096547484398,,,
300,train,,0.01610708050429821,0.011378026567399502,93.60175323486328,0.00045773255988024175,0.031182678416371346,7.651885971426964e-05,9.201218199450523e-05,0.011378026567399502,0.004680087324231863,4.5773256715619937e-05,3.1182678412733367e-06,7.65188659102023e-08,4.6006090603789573e-10,0.8664490448283202,0.8664490448283202,,0.01605554111301899,,,
325,train,,0.01584669016301632,0.010990331880748272,96.2748031616211,0.00039238089811988175,0.032964762300252914,8.297331078210846e-05,9.504202171228826e-05,0.010990331880748272,0.004813740029931068,3.9238089811988175e-05,3.2964760521281278e-06,8.297331532958196e-08,4.752100934979353e-10,0.8708192332621605,0.8708192332621605,,0.01585051231086254,,,
350,train,,0.015792684629559517,0.010987240821123123,95.35681915283203,0.0003444839094299823,0.030793972313404083,7.632643246324733e-05,9.436382970307022e-05,0.010987240821123123,0.004767840728163719,3.444839239818975e-05,3.079397174587939e-06,7.632643672650374e-08,4.718191393138227e-10,0.8705539399146524,0.8705539399146524,,0.015793398022651672,,,
375,train,,0.015762075781822205,0.010939416475594044,95.73579406738281,0.00033076986437663436,0.027286585420370102,6.538742309203371e-05,9.491649689152837e-05,0.010939416475594044,0.004786789417266846,3.30769871652592e-05,2.7286585009278497e-06,6.538742525208363e-08,4.745824844221147e-10,0.8708748443637292,0.8708748443637292,,0.01576303504407406,,,
400,train,,0.015788456425070763,0.01109449565410614,92.76763153076172,0.0005313248257152736,0.023910416290163994,5.521711864275858e-05,9.192829020321369e-05,0.01109449565410614,0.00463838130235672,5.3132484026718885e-05,2.3910415620775893e-06,5.521712154177294e-08,4.5964143602361673e-10,0.8663954969279809,0.8663954969279809,,0.016385944560170174,,,
425,train,,0.01592889614403248,0.011348292231559753,90.69387817382812,0.00043651871965266764,0.022096436470746994,4.9700647650752217e-05,8.98983926163055e-05,0.011348292231559753,0.004534693900495768,4.3651871237671e-05,2.209643525930005e-06,4.970064892972914e-08,4.4949194366594725e-10,0.8685297846030171,0.8685297846030171,,0.015794938430190086,,,
450,train,,0.015746919438242912,0.010958634316921234,95.07454681396484,0.0003241256927140057,0.02100033313035965,4.607664232025854e-05,9.44510247791186e-05,0.010958634316921234,0.004753727000206709,3.241256854380481e-05,2.100033270835411e-06,4.607664294553615e-08,4.72255123895593e-10,0.8710328877346987,0.8710328877346987,,0.015743616968393326,,,
475,train,,0.015718765556812286,0.010924027301371098,95.27764129638672,0.0002885809517465532,0.019548552110791206,4.193793938611634e-05,9.47686203289777e-05,0.010924027301371098,0.004763882141560316,2.885809590225108e-05,1.954855179064907e-06,4.1937941119840616e-08,4.738430758877143e-10,0.8709761514795489,0.8709761514795489,,0.015719708055257797,,,
500,train,,0.015973396599292755,0.011525243520736694,87.70408630371094,0.0006114669376984239,0.017657501623034477,3.681240923469886e-05,8.711339614819735e-05,0.011525243520736694,0.004385204054415226,6.114669668022543e-05,1.7657500848144991e-06,3.68124126737257e-08,4.355669713795862e-10,0.8633323567984282,0.8633323567984282,,0.016297578811645508,,,
525,train,,0.015740280970931053,0.010939957574009895,95.29521179199219,0.00033898971742019057,0.016319172456860542,3.3808966691140085e-05,9.494809637544677e-05,0.010939957574009895,0.0047647603787481785,3.389897392480634e-05,1.6319172573275864e-06,3.380896984594983e-08,4.747404691585189e-10,0.871334198954005,0.871334198954005,,0.01578141376376152,,,
550,train,,0.015701860189437866,0.010928519070148468,94.88585662841797,0.0002759039925877005,0.014309722930192947,2.7973843316431157e-05,9.459452849114314e-05,0.010928519070148468,0.004744292702525854,2.759040035016369e-05,1.4309722473626607e-06,2.797384546227022e-08,4.72972605525257e-10,0.8707991641914854,0.8707991641914854,,0.015704162418842316,,,
575,train,,0.01584390364587307,0.011341579258441925,89.5041732788086,0.00025852068210951984,0.012427935376763344,2.2617605281993747e-05,8.924488065531477e-05,0.011341579258441925,0.004475208465009928,2.5852068574749865e-05,1.2427934734660084e-06,2.261760556621084e-08,4.462243907710217e-10,0.8707182527125348,0.8707182527125348,,0.015759754925966263,,,
600,train,,0.015766402706503868,0.010886532254517078,96.86774444580078,0.0003535102878231555,0.01114733051508665,1.8998514860868454e-05,9.649346611695364e-05,0.010886532254517078,0.00484338728711009,3.5351029509911314e-05,1.114732981477573e-06,1.899851653774931e-08,4.824673438541538e-10,0.8689777900143428,0.8689777900143428,,0.015766587108373642,,,
625,train,,0.015689048916101456,0.010876056738197803,95.68949890136719,0.0002744199591688812,0.010583316907286644,1.7325310182059184e-05,9.542311454424635e-05,0.010876056738197803,0.004784474615007639,2.7441996280686e-05,1.0583316907286644e-06,1.7325310963656193e-08,4.771155692750995e-10,0.8713078323135974,0.8713078323135974,,0.01569349505007267,,,
650,train,,0.015677958726882935,0.010897267609834671,95.10504913330078,0.0002440555253997445,0.010148548521101475,1.6267687897197902e-05,9.488771320320666e-05,0.010897267609834671,0.004755252506583929,2.4405553631368093e-05,1.0148547744393e-06,1.6267689417759357e-08,4.74438544006972e-10,0.8712047671606293,0.8712047671606293,,0.015677105635404587,,,
675,train,,0.015873583033680916,0.011305257678031921,90.53365325927734,0.0004066667170263827,0.009607664309442043,1.5159806025621947e-05,9.03213513083756e-05,0.011305257678031921,0.004526682663708925,4.066667315782979e-05,9.607664424038376e-07,1.515980763144853e-08,4.516067519944045e-10,0.8651051310113188,0.8651051310113188,,0.015755044296383858,,,
700,train,,0.01568765565752983,0.010867618024349213,95.83572387695312,0.0002733785950113088,0.009009758941829205,1.3834286619385239e-05,9.568494715495035e-05,0.010867618024349213,0.004791785962879658,2.7337859137332998e-05,9.009758628053532e-07,1.3834287493352804e-08,4.784247442657374e-10,0.8717159401112977,0.8717159401112977,,0.01568763703107834,,,
725,train,,0.015841539949178696,0.01078138779848814,100.7181396484375,0.000234100894886069,0.008227098733186722,1.1978445400018245e-05,0.00010059323540190235,0.01078138779848814,0.005035907030105591,2.341008985240478e-05,8.227098646784725e-07,1.197844579081675e-08,5.029661687139253e-10,0.8696021084371143,0.8696021084371143,,0.015752989798784256,,,
750,train,,0.015746349468827248,0.011124659329652786,91.75040435791016,0.00033396793878637254,0.007626472506672144,1.0439997822686564e-05,9.147279342869297e-05,0.011124659329652786,0.0045875199139118195,3.3396794606233016e-05,7.626472324773204e-07,1.0439998199274214e-08,4.573639522664763e-10,0.868630488880898,0.868630488880898,,0.01579543948173523,,,
775,train,,0.015675874426960945,0.01089447271078825,95.10778045654297,0.000252532830927521,0.007487520109862089,9.859990313998424e-06,9.49453969951719e-05,0.01089447271078825,0.00475538894534111,2.525328272895422e-05,7.487519724236336e-07,9.859991045857441e-09,4.747269799487697e-10,0.8709958898373612,0.8709958898373612,,0.01568138413131237,,,
800,train,,0.015658831223845482,0.010920659638941288,94.30001068115234,0.000224175353650935,0.007453444413840771,9.726933058118448e-06,9.41775506362319e-05,0.010920659638941288,0.004715000279247761,2.241753645648714e-05,7.453444368366036e-07,9.726933924980585e-09,4.708877177073134e-10,0.8711244160830924,0.8711244160830924,,0.015658631920814514,,,
825,train,,0.015787379816174507,0.011075797490775585,93.41981506347656,0.0003985660441685468,0.0072638969868421555,9.403829608345404e-06,9.330370812676847e-05,0.011075797490775585,0.004670990630984306,3.985660441685468e-05,7.26389657756954e-07,9.403829714926815e-09,4.665185460162036e-10,0.8654834249281351,0.8654834249281351,,0.015787722542881966,,,
850,train,,0.01566365361213684,0.010905847884714603,94.60506439208984,0.0002684607752598822,0.006967057008296251,8.894634447642602e-06,9.453186794416979e-05,0.010905847884714603,0.004730253014713526,2.684607716219034e-05,6.967056833673269e-07,8.894635250555893e-09,4.726593005877078e-10,0.8713077407719731,0.8713077407719731,,0.015698572620749474,,,
875,train,,0.015650270506739616,0.01086643896996975,95.22135925292969,0.00022106128744781017,0.006493947468698025,7.964795258885715e-06,9.516924183117226e-05,0.01086643896996975,0.004761067684739828,2.2106129108578898e-05,6.493947353192198e-07,7.964795933901314e-09,4.758461957798943e-10,0.8710605068937008,0.8710605068937008,,0.015651144087314606,,,
900,train,,0.017273468896746635,0.01158201601356268,113.32061004638672,0.00024812674382701516,0.006030922755599022,7.002763140917523e-06,0.000113266272819601,0.01158201601356268,0.005666030570864677,2.4812674382701516e-05,6.030922463651223e-07,7.002763258157074e-09,5.663313706882889e-10,0.8605128839377029,0.8605128839377029,,0.01799645461142063,,,
925,train,,0.015678970143198967,0.010862539522349834,95.77693176269531,0.0002700060431379825,0.005780076142400503,6.384709195117466e-06,9.568039968144149e-05,0.010862539522349834,0.004788846243172884,2.7000603950000368e-05,5.780075866823609e-07,6.384709649864817e-09,4.784019846937326e-10,0.8713907443057594,0.8713907443057594,,0.0157044418156147,,,
950,train,,0.015646187588572502,0.01086530089378357,95.16846466064453,0.00021877378458157182,0.005803941283375025,6.245564236451173e-06,9.512435644865036e-05,0.01086530089378357,0.0047584231942892075,2.1877378458157182e-05,5.80394100779813e-07,6.2455645100101265e-09,4.756217641954663e-10,0.8709502385823873,0.8709502385823873,,0.01564629189670086,,,
975,train,,0.015911931172013283,0.010866120457649231,100.49700927734375,0.0002037115627899766,0.0058279866352677345,6.247518740565283e-06,0.00010047441173810512,0.010866120457649231,0.005024850368499756,2.037115700659342e-05,5.827986342410441e-07,6.247518946622677e-09,5.023720328622971e-10,0.871688155210266,0.871688155210266,,0.015789829194545746,,,
1000,train,,0.01572735607624054,0.010907908901572227,95.80335998535156,0.0002869917661882937,0.005735797807574272,6.121684691606788e-06,9.580703044775873e-05,0.010907908901572227,0.004790167789906263,2.869917625503149e-05,5.735797685701982e-07,6.121684936744032e-09,4.790351448846764e-10,0.8702309440540719,0.8702309440540719,,0.01567872241139412,,,
1025,train,,0.01563890464603901,0.01089616771787405,94.39892578125,0.00022229675960261375,0.005561132915318012,5.859117209183751e-06,9.442348527954891e-05,0.01089616771787405,0.004719946067780256,2.2229676687857136e-05,5.561132638831623e-07,5.859117635509392e-09,4.721174007293882e-10,0.8711252807197261,0.8711252807197261,,0.01564600132405758,,,
1050,train,,0.015658065676689148,0.010787504725158215,97.00164794921875,0.00019942254584748298,0.005308432504534721,5.446182967716595e-06,9.704486728878692e-05,0.010787504725158215,0.004850082099437714,1.994225567614194e-05,5.308432378114958e-07,5.446183060087151e-09,4.852243051800542e-10,0.8709756455119599,0.8709756455119599,,0.015646204352378845,,,
1075,train,,0.01574687287211418,0.010880710557103157,96.73523712158203,0.00028878910234197974,0.005151257384568453,5.175689238967607e-06,9.671740554040298e-05,0.010880710557103157,0.004836761858314276,2.8878910597995855e-05,5.151257482793881e-07,5.175689654635107e-09,4.835870037744883e-10,0.8687450190076778,0.8687450190076778,,0.01566918194293976,,,
1100,train,,0.015633797273039818,0.010876134037971497,94.70191192626953,0.00022033175628166646,0.005292078945785761,5.31348496224382e-06,9.474196122027934e-05,0.010876134037971497,0.004735095426440239,2.2033176719560288e-05,5.292079094942892e-07,5.3134852073810634e-09,4.737097936136081e-10,0.8711695880037335,0.8711695880037335,,0.015638887882232666,,,
1125,train,,0.015746600925922394,0.01106566097587347,92.92837524414062,0.0003396923711989075,0.0054679554887115955,5.610458629234927e-06,9.292370668845251e-05,0.01106566097587347,0.0046464186161756516,3.396923784748651e-05,5.467955475069175e-07,5.6104587642380466e-09,4.646185103318601e-10,0.8658091678210864,0.8658091678210864,,0.01599803939461708,,,
1150,train,,0.01571063883602619,0.011003082618117332,93.60115814208984,0.0002694441645871848,0.005477048456668854,5.692827016900992e-06,9.369511826662347e-05,0.011003082618117332,0.004680057987570763,2.694441718631424e-05,5.47704814835015e-07,5.692827098613407e-09,4.684755916528616e-10,0.8709590447902141,0.8709590447902141,,0.015672940760850906,,,
1175,train,,0.015628324821591377,0.010895196348428726,94.23908996582031,0.00020634096290450543,0.005350684281438589,5.619581770588411e-06,9.43654085858725e-05,0.010895196348428726,0.004711954388767481,2.0634097381844185e-05,5.350684091354196e-07,5.619582132965206e-09,4.718270218972975e-10,0.871111743088014,0.871111743088014,,0.015631256625056267,,,
1200,train,,0.015617490746080875,0.010848144069314003,94.9963150024414,0.00019002961926162243,0.005219397600740194,5.5348873502225615e-06,9.514176053926349e-05,0.010848144069314003,0.004749815445393324,1.9002962289960124e-05,5.219397394284897e-07,5.5348876593086516e-09,4.757088056805969e-10,0.8713944239278517,0.8713944239278517,,0.015617246739566326,,,
1225,train,,0.01573500782251358,0.010935358703136444,95.34638214111328,0.0003180638304911554,0.005172723904252052,5.615422651317203e-06,9.54245770117268e-05,0.010935358703136444,0.0047673191875219345,3.180638304911554e-05,5.172723831492476e-07,5.6154227934257506e-09,4.77122896747062e-10,0.8657521965373742,0.8657521965373742,,0.01574566215276718,,,
1250,train,,0.0156442578881979,0.010824715718626976,95.9328842163086,0.00022341794101521373,0.005497487727552652,6.280439720285358e-06,9.609171684132889e-05,0.010824715718626976,0.004796644207090139,2.2341793737723492e-05,5.497487336469931e-07,6.2804401679272814e-09,4.804585618245483e-10,0.8716412149993816,0.8716412149993816,,0.01563992165029049,,,
1275,train,,0.015611907467246056,0.010881020687520504,94.22271728515625,0.00019150538719259202,0.0059203277342021465,7.172479854489211e-06,9.441885777050629e-05,0.010881020687520504,0.004711135756224394,1.9150538719259202e-05,5.920327339481446e-07,7.172480387396263e-09,4.720942525793248e-10,0.8712685767632885,0.8712685767632885,,0.015612778253853321,,,
1300,train,,0.015869103372097015,0.011332564055919647,89.91212463378906,0.00040317545062862337,0.006093168631196022,7.674459993722849e-06,9.010247595142573e-05,0.011332564055919647,0.004495606292039156,4.031754724564962e-05,6.093168281040562e-07,7.67446017846396e-09,4.5051237740345584e-10,0.8644445712082949,0.8644445712082949,,0.016083627939224243,,,
1325,train,,0.01563405990600586,0.010860765352845192,94.9765396118164,0.00023861386580392718,0.005989584140479565,7.75797070673434e-06,9.52262053033337e-05,0.010860765352845192,0.00474882684648037,2.386138658039272e-05,5.989584224153077e-07,7.757971154376264e-09,4.761310234968619e-10,0.871618956999479,0.871618956999479,,0.015652941539883614,,,
1350,train,,0.015609699301421642,0.010912550613284111,93.54474639892578,0.0001931305741891265,0.005901671480387449,7.897634532127995e-06,9.383109136251733e-05,0.010912550613284111,0.004677237011492252,1.931305814650841e-05,5.901671329411329e-07,7.89763454633885e-09,4.691554367219908e-10,0.8713359317814255,0.8713359317814255,,0.015609378926455975,,,
1375,train,,0.015600397251546383,0.01089745294302702,93.68097686767578,0.00018281443044543266,0.006040604785084724,8.529224032827187e-06,9.399345435667783e-05,0.01089745294302702,0.00468404870480299,1.8281443772139028e-05,6.040604603185784e-07,8.529224437836547e-09,4.699672873087479e-10,0.8713689107409079,0.8713689107409079,,0.015600093640387058,,,
1400,train,,0.015729030594229698,0.011279076337814331,88.35208129882812,0.00031706492882221937,0.0063580479472875595,9.635439710109495e-06,8.858412184054032e-05,0.011279076337814331,0.004417603835463524,3.170649506500922e-05,6.358047812682344e-07,9.635440001432016e-09,4.429205890943422e-10,0.8664958040866505,0.8664958040866505,,0.015799609944224358,,,
1425,train,,0.015623054467141628,0.010920220986008644,93.60765838623047,0.00021707774430979043,0.007289111148566008,1.2079291082045529e-05,9.395155939273536e-05,0.010920220986008644,0.0046803830191493034,2.1707774067181163e-05,7.289111181307817e-07,1.2079291344946341e-08,4.697577882240012e-10,0.8715226198070279,0.8715226198070279,,0.015618997626006603,,,
1450,train,,0.015594927594065666,0.010866505093872547,94.18268585205078,0.0001846982049755752,0.008031783625483513,1.4227275642042514e-05,9.458675049245358e-05,0.010866505093872547,0.004709134344011545,1.846982013375964e-05,8.031783522710612e-07,1.422727624600384e-08,4.729337477193951e-10,0.8715242932221984,0.8715242932221984,,0.01559485588222742,,,
1475,train,,0.01565101556479931,0.011158173903822899,89.17103576660156,0.0003343164862599224,0.008434572257101536,1.560887903906405e-05,8.958514808909968e-05,0.011158173903822899,0.00445855176076293,3.343165008118376e-05,8.434572009718977e-07,1.560887952223311e-08,4.479257242895329e-10,0.865794229676105,0.865794229676105,,0.015941914170980453,,,
1500,train,,0.015621322207152843,0.010833462700247765,95.28758239746094,0.0002260977926198393,0.008536890149116516,1.6176889403141104e-05,9.578314347891137e-05,0.010833462700247765,0.0047643790021538734,2.2609779989579692e-05,8.536890163668431e-07,1.6176890937913413e-08,4.789156848872267e-10,0.8714294764427126,0.8714294764427126,,0.01563747599720955,,,
1525,train,,0.015585847198963165,0.01088422816246748,93.64212036132812,0.00018616620218381286,0.008791535161435604,1.721505213936325e-05,9.4171344244387e-05,0.01088422816246748,0.004682105965912342,1.8616619854583405e-05,8.791535037744325e-07,1.721505249463462e-08,4.708566869737751e-10,0.8714543061882349,0.8714543061882349,,0.015587124973535538,,,
1550,train,,0.015914594754576683,0.010829613544046879,101.23310852050781,0.00022372251260094345,0.009344900958240032,1.909009188238997e-05,0.00010181851394008845,0.010829613544046879,0.005061655305325985,2.2372250896296464e-05,9.344900604446593e-07,1.909009306189091e-08,5.090925458972606e-10,0.8667705038831391,0.8667705038831391,,0.016523225232958794,,,
1575,train,,0.015623622573912144,0.01097157783806324,92.58214569091797,0.00021833945356775075,0.010791684500873089,2.360080361540895e-05,9.314854833064601e-05,0.01097157783806324,0.004629107192158699,2.1833946448168717e-05,1.0791684417199576e-06,2.3600804865964164e-08,4.657427221665955e-10,0.8713921620690095,0.8713921620690095,,0.01561746746301651,,,
1600,train,,0.015575609169900417,0.010840470902621746,94.31927490234375,0.00017945079889614135,0.012021629139780998,2.7139980375068262e-05,9.497804421698675e-05,0.010840470902621746,0.0047159637324512005,1.7945079889614135e-05,1.20216293453268e-06,2.7139980929291596e-08,4.748901827333896e-10,0.871230507077608,0.871230507077608,,0.015577913261950016,,,
1625,train,,0.015750214457511902,0.011150062084197998,91.3761215209961,0.0003004678583238274,0.01271046046167612,2.897097874665633e-05,9.198651241604239e-05,0.011150062084197998,0.004568805918097496,3.0046785468584858e-05,1.2710460168818827e-06,2.8970980281428638e-08,4.5993256425624907e-10,0.8657094806275163,0.8657094806275163,,0.015848053619265556,,,
1650,train,,0.015650223940610886,0.010707135312259197,98.33451843261719,0.00025101128267124295,0.012336743995547295,2.710915396164637e-05,9.908827632898465e-05,0.010707135312259197,0.004916725680232048,2.5101127903326415e-05,1.2336744248386822e-06,2.7109155809057484e-08,4.954413546087721e-10,0.8711099614145748,0.8711099614145748,,0.015635738149285316,,,
1675,train,,0.015577943064272404,0.010824598371982574,94.65878295898438,0.00019108486594632268,0.012694638222455978,2.738938565016724e-05,9.54589486354962e-05,0.010824598371982574,0.004732938949018717,1.910848732222803e-05,1.269463837161311e-06,2.738938675861391e-08,4.772947037601227e-10,0.8710990673852401,0.8710990673852401,,0.01557300053536892,,,
1700,train,,0.01605723425745964,0.010869353078305721,103.37742614746094,0.00017594965174794197,0.013849921524524689,2.9834327506250702e-05,0.00010431080590933561,0.010869353078305721,0.005168871022760868,1.759496626618784e-05,1.3849921742803417e-06,2.9834328785227626e-08,5.215540221925608e-10,0.867813271184728,0.867813271184728,,0.015918005257844925,,,
1725,train,,0.015587881207466125,0.010831168852746487,94.67829132080078,0.00021102902246639132,0.016568709164857864,3.687011849251576e-05,9.556290751788765e-05,0.010831168852746487,0.0047339145094156265,2.1102901882841252e-05,1.6568708360864548e-06,3.687011940201046e-08,4.778145101802522e-10,0.8712309546847687,0.8712309546847687,,0.015640228986740112,,,
1750,train,,0.015561975538730621,0.010808942839503288,94.66529083251953,0.00017879820370581,0.01847548969089985,4.023940346087329e-05,9.561967453919351e-05,0.010808942839503288,0.004733264446258545,1.787982000678312e-05,1.847548901423579e-06,4.023940647357449e-08,4.780983386964976e-10,0.8712122533202757,0.8712122533202757,,0.015562055632472038,,,
1775,train,,0.015566813759505749,0.0109565993770957,91.82029724121094,0.00017225036572199315,0.019340381026268005,3.9913476939545944e-05,9.279140795115381e-05,0.0109565993770957,0.004591014701873064,1.7225036572199315e-05,1.934037982209702e-06,3.991348052068133e-08,4.639570394537884e-10,0.8714640335847837,0.8714640335847837,,0.015560377389192581,,,
1800,train,,0.01564737781882286,0.011202847585082054,88.38636016845703,0.00023056937789078802,0.02113967575132847,4.156497016083449e-05,8.935738878790289e-05,0.011202847585082054,0.004419317934662104,2.3056938516674563e-05,2.1139674117875984e-06,4.156497368512646e-08,4.467869407775993e-10,0.8698019915327464,0.8698019915327464,,0.015624698251485825,,,
1825,train,,0.015545270405709743,0.010830027051270008,93.89449310302734,0.00018132689001504332,0.023411467671394348,4.35110014223028e-05,9.499861334916204e-05,0.010830027051270008,0.004694724455475807,1.813268863770645e-05,2.3411466827383265e-06,4.3511004577112544e-08,4.749930448966211e-10,0.8713935765035092,0.8713935765035092,,0.015550067648291588,,,
1850,train,,0.016920125111937523,0.011870385147631168,100.54706573486328,0.00019861615146510303,0.02482457645237446,4.2985651816707104e-05,0.00010163639672100544,0.011870385147631168,0.005027353297919035,1.9861616237903945e-05,2.4824576030368917e-06,4.298565414728728e-08,5.081819964836143e-10,0.8651670681928489,0.8651670681928489,,0.01633862406015396,,,
1875,train,,0.015656502917408943,0.010962624102830887,93.29337310791016,0.00026737581356428564,0.024343490600585938,3.740364627446979e-05,9.443757880944759e-05,0.010962624102830887,0.004664668347686529,2.6737581720226444e-05,2.434348971291911e-06,3.7403648178724325e-08,4.721878998914519e-10,0.86956275654718,0.86956275654718,,0.01562059111893177,,,
1900,train,,0.015554169192910194,0.010898923501372337,92.67621612548828,0.0001883482764242217,0.025621844455599785,3.7200297811068594e-05,9.386303281644359e-05,0.010898923501372337,0.0046338108368217945,1.883482764242217e-05,2.5621843633416574e-06,3.720029795317714e-08,4.693151423040831e-10,0.8719248346941136,0.8719248346941136,,0.015550760552287102,,,
1925,train,,0.01554133277386427,0.010772733949124813,94.97051239013672,0.00017216891865245998,0.02813739702105522,4.153659028816037e-05,9.629258420318365e-05,0.010772733949124813,0.0047485255636274815,1.721689295663964e-05,2.813739683915628e-06,4.1536591055546523e-08,4.814629250837754e-10,0.8714856487641767,0.8714856487641767,,0.015537243336439133,,,
1950,train,,0.015595435164868832,0.011161585338413715,88.11528778076172,0.00024754766491241753,0.03280266746878624,5.148047785041854e-05,8.93468750291504e-05,0.011161585338413715,0.004405764397233725,2.4754766855039634e-05,3.2802665828057798e-06,5.148048032310726e-08,4.467343717173833e-10,0.8694401845381792,0.8694401845381792,,0.015597688965499401,,,
1975,train,,0.015532591380178928,0.010911945253610611,91.96730041503906,0.00018721044762060046,0.03505750745534897,5.382265953812748e-05,9.335079812444746e-05,0.010911945253610611,0.004598364699631929,1.8721044398262165e-05,3.505750555632403e-06,5.382266365927535e-08,4.667539688085753e-10,0.8715047649551952,0.8715047649551952,,0.01552886888384819,,,
2000,train,,0.015519856475293636,0.010812954977154732,93.72128295898438,0.00017290451796725392,0.034945860505104065,5.195992343942635e-05,9.517431317362934e-05,0.010812954977154732,0.004686064086854458,1.7290452888119034e-05,3.4945860534207895e-06,5.1959926139488744e-08,4.75871564376007e-10,0.8715685489618601,0.8715685489618601,,0.01551963109523058,,,
2025,train,,0.015601642429828644,0.01103184837847948,90.7834701538086,0.0002702788624446839,0.035410262644290924,5.1249979151180014e-05,9.224543464370072e-05,0.01103184837847948,0.004539173562079668,2.7027886972064152e-05,3.541026217135368e-06,5.124998025962668e-08,4.6122716756968885e-10,0.8679704435983898,0.8679704435983898,,0.015582811087369919,,,
2050,train,,0.015522967092692852,0.01089117955416441,92.16973114013672,0.00019719978445209563,0.03531123325228691,4.872527642874047e-05,9.369799226988107e-05,0.01089117955416441,0.00460848631337285,1.9719978809007443e-05,3.5311231840751134e-06,4.8725279810923894e-08,4.684899690410305e-10,0.8713844605324951,0.8713844605324951,,0.015527110546827316,,,
2075,train,,0.016619272530078888,0.011234939098358154,107.18289947509766,0.00021420752455014735,0.03716240078210831,5.228879308560863e-05,0.00010871378617594019,0.011234939098358154,0.005359144881367683,2.1420752091216855e-05,3.7162399166845717e-06,5.228879729202163e-08,5.435689121036091e-10,0.8629196428922208,0.8629196428922208,,0.017088646069169044,,,
2100,train,,0.015523807145655155,0.010824565775692463,93.4648666381836,0.00021901763102505356,0.040379587560892105,5.7242756156483665e-05,9.505279012955725e-05,0.010824565775692463,0.004673243034631014,2.1901763830101117e-05,4.037958660774166e-06,5.7242758089159906e-08,4.752639393146296e-10,0.8714776788753735,0.8714776788753735,,0.015557993203401566,,,
2125,train,,0.015505335293710232,0.01083054393529892,93.04927062988281,0.0001815587020246312,0.041126515716314316,5.8663605159381405e-05,9.471862722421065e-05,0.01083054393529892,0.004652463365346193,1.815586983866524e-05,4.112651367904618e-06,5.8663609081577306e-08,4.7359310917372e-10,0.871401203151268,0.871401203151268,,0.015505675226449966,,,
2150,train,,0.015614619478583336,0.011030756868422031,91.2598648071289,0.0001657286484260112,0.04234447330236435,6.173566362122074e-05,9.293609764426947e-05,0.011030756868422031,0.0045629930682480335,1.6572865206399e-05,4.234447260387242e-06,6.173566902134553e-08,4.646804885322098e-10,0.8730920974268939,0.8730920974268939,,0.015555523335933685,,,
2175,train,,0.015519950538873672,0.010881980881094933,92.23634338378906,0.00021936107077635825,0.0415770523250103,5.794810931547545e-05,9.392671927344054e-05,0.010881980881094933,0.004611817188560963,2.1936108169029467e-05,4.157705006946344e-06,5.794811031023528e-08,4.696336097786968e-10,0.8712060209161918,0.8712060209161918,,0.015532261691987514,,,
2200,train,,0.016010655090212822,0.011596105992794037,87.78776550292969,0.00020924379350617528,0.041786521673202515,5.776087709818967e-05,8.914346108213067e-05,0.011596105992794037,0.004389388021081686,2.0924378986819647e-05,4.178652034170227e-06,5.7760878746648814e-08,4.457172964045242e-10,0.8704812918046462,0.8704812918046462,,0.01595999114215374,,,
2225,train,,0.015527142211794853,0.010955719277262688,90.90994262695312,0.00021469080820679665,0.04395628720521927,6.135821604402736e-05,9.265840344596654e-05,0.010955719277262688,0.004545497242361307,2.1469080820679665e-05,4.395628820930142e-06,6.135822161468241e-08,4.6329201586203794e-10,0.8717083646129815,0.8717083646129815,,0.01552446000277996,,,
2250,train,,0.015615648590028286,0.011275469325482845,86.22515106201172,0.00024242248036898673,0.04613427817821503,6.630866846535355e-05,8.796869951765984e-05,0.011275469325482845,0.004311257507652044,2.4242248400696553e-05,4.6134277909004595e-06,6.630867233070603e-08,4.398434949592911e-10,0.8692903701020274,0.8692903701020274,,0.01562539115548134,,,
2275,train,,0.015488136559724808,0.010892700403928757,91.40914154052734,0.00019970476569142193,0.04935068264603615,7.261736755026504e-05,9.329175372840837e-05,0.010892700403928757,0.004570457153022289,1.9970477296737954e-05,4.935068318445701e-06,7.261736811869923e-08,4.664587605063275e-10,0.8716384449456065,0.8716384449456065,,0.01549367792904377,,,
2300,train,,0.01573786325752735,0.01081428024917841,97.87202453613281,0.0002499271067790687,0.04919615760445595,7.086300320224836e-05,9.980180766433477e-05,0.01081428024917841,0.004893600940704346,2.499271067790687e-05,4.919615548715228e-06,7.086300968239811e-08,4.990090007872539e-10,0.8678277638647919,0.8678277638647919,,0.015782233327627182,,,
2325,train,,0.015506099909543991,0.010734856128692627,94.90922546386719,0.0002118373231496662,0.04537219926714897,6.068780203349888e-05,9.687653800938278e-05,0.010734856128692627,0.004745461046695709,2.118373231496662e-05,4.537219865596853e-06,6.068780322721068e-08,4.843827006162371e-10,0.8716246080995309,0.8716246080995309,,0.015500997193157673,,,
2350,train,,0.015509177930653095,0.010964284650981426,90.39156341552734,0.00020255403069313616,0.0498739518225193,7.309758075280115e-05,9.235906327376142e-05,0.010964284650981426,0.004519578069448471,2.0255403796909377e-05,4.987395186617505e-06,7.309758132123534e-08,4.6179529644696515e-10,0.8710260912763823,0.8710260912763823,,0.015494033694267273,,,
2375,train,,0.01550249382853508,0.01086402963846922,92.15152740478516,0.00025859850575216115,0.04956595599651337,7.039959746180102e-05,9.416522516403347e-05,0.01086402963846922,0.004607576411217451,2.5859850211418234e-05,4.9565956032893155e-06,7.039960081556274e-08,4.708261003294467e-10,0.8701768094996886,0.8701768094996886,,0.015542714856564999,,,
2400,train,,0.015476078726351261,0.010816334746778011,92.66175079345703,0.00021634127188008279,0.04953044652938843,6.948276131879538e-05,9.471645171288401e-05,0.010816334746778011,0.004633087199181318,2.1634126824210398e-05,4.953044481226243e-06,6.94827662073294e-08,4.735822289880787e-10,0.8714113805757281,0.8714113805757281,,0.015472396276891232,,,
2425,train,,0.01588919758796692,0.01138351857662201,89.22511291503906,0.0003893648099619895,0.05406660586595535,8.025974238989875e-05,8.640338637633249e-05,0.01138351857662201,0.004461255390197039,3.8936483178986236e-05,5.406660420703702e-06,8.025974551628678e-08,4.320169222360448e-10,0.8631707589010916,0.8631707589010916,,0.015774322673678398,,,
2450,train,,0.01579788699746132,0.01095476746559143,96.10498809814453,0.00035296459100209177,0.025508074089884758,2.436470822431147e-05,9.654038876760751e-05,0.01095476746559143,0.004805249162018299,3.529645982780494e-05,2.5508072667435044e-06,2.4364709361179848e-08,4.827019339792571e-10,0.8687794657809157,0.8687794657809157,,0.016181206330657005,,,
2475,train,,0.015519431792199612,0.01080634631216526,93.7209701538086,0.00024828242021612823,0.021803544834256172,2.7557030989555642e-05,9.506865171715617e-05,0.01080634631216526,0.004686048254370689,2.4828243113006465e-05,2.180354385927785e-06,2.7557032211689148e-08,4.753432647497391e-10,0.8724379304685408,0.8724379304685408,,0.015533623285591602,,,
2500,train,,0.01547964382916689,0.010852696374058723,92.01368713378906,0.00023375482123810798,0.028425274416804314,4.5068889448884875e-05,9.371242776978761e-05,0.010852696374058723,0.004600684158504009,2.3375481760012917e-05,2.8425274649634957e-06,4.5068890841548637e-08,4.685621335376311e-10,0.8717549402672564,0.8717549402672564,,0.015480044297873974,,,
2525,train,,0.015471640974283218,0.010785553604364395,93.18708038330078,0.00022914329019840807,0.037545423954725266,6.447384657803923e-05,9.512756514595821e-05,0.010785553604364395,0.004659353755414486,2.2914329747436568e-05,3.7545423765550368e-06,6.447385203500744e-08,4.756378069181721e-10,0.8718281122959702,0.8718281122959702,,0.015465950593352318,,,
2550,train,,0.015560385771095753,0.01093011349439621,91.83464050292969,0.00033882720163092017,0.045737266540527344,8.38143314467743e-05,9.388189937453717e-05,0.01093011349439621,0.004591731820255518,3.3882719435496256e-05,4.573726528178668e-06,8.381433502790969e-08,4.694095112611762e-10,0.8684911467681551,0.8684911467681551,,0.01568795181810856,,,
2575,train,,0.01546880230307579,0.010875499807298183,91.23441314697266,0.0002656485012266785,0.04925376549363136,9.015501564135775e-05,9.333979687653482e-05,0.010875499807298183,0.0045617204159498215,2.656485048646573e-05,4.925376288156258e-06,9.015501944986681e-08,4.666989572577052e-10,0.8715942635914407,0.8715942635914407,,0.015477793291211128,,,
2600,train,,0.015440097078680992,0.010822831653058529,91.73143005371094,0.0002513044164516032,0.05459727346897125,0.00010365307389292866,9.390381455887109e-05,0.010822831653058529,0.004586571361869574,2.513044273655396e-05,5.459727162815398e-06,1.0365307900883636e-07,4.695190347625555e-10,0.8719427798768291,0.8719427798768291,,0.015440018847584724,,,
2625,train,,0.015838829800486565,0.011704428121447563,81.6343994140625,0.0004684327868744731,0.05728147551417351,0.00011031742178602144,8.35980026749894e-05,0.011704428121447563,0.004081720020622015,4.6843280870234594e-05,5.728147243644344e-06,1.1031742985778692e-07,4.179900037204476e-10,0.8649753279590828,0.8649753279590828,,0.015578503720462322,,,
2650,train,,0.015445994213223457,0.010817307978868484,91.82819366455078,0.00031188951106742024,0.059776000678539276,0.0001100966110243462,9.406972822034732e-05,0.010817307978868484,0.004591409582644701,3.118895256193355e-05,5.977599812467815e-06,1.1009661449179475e-07,4.703486489177067e-10,0.8723127027420052,0.8723127027420052,,0.015475896187126637,,,
2675,train,,0.015413476154208183,0.010831903666257858,90.87789916992188,0.0003168581170029938,0.05888988822698593,0.00010319052671547979,9.313055488746613e-05,0.010831903666257858,0.004543894901871681,3.1685813155490905e-05,5.888988653168781e-06,1.0319052989871125e-07,4.6565276634602526e-10,0.87210781684853,0.87210781684853,,0.015415889210999012,,,
2700,train,,0.016504991799592972,0.012445641681551933,79.37860870361328,0.0008414431940764189,0.06167885661125183,0.00010858385940082371,7.914982415968552e-05,0.012445641681551933,0.003968930337578058,8.414431795245036e-05,6.1678856582148e-06,1.0858386190193414e-07,3.9574910015716114e-10,0.8588577595301807,0.8588577595301807,,0.015975365415215492,,,
2725,train,,0.01550279650837183,0.01071010623127222,94.95516967773438,0.0003904813202098012,0.057959433645009995,8.69078648975119e-05,9.706149285193533e-05,0.01071010623127222,0.004747758153825998,3.904813274857588e-05,5.795943252451252e-06,8.690786756915259e-08,4.853074608845986e-10,0.8721659148050748,0.8721659148050748,,0.015620800666511059,,,
2750,train,,0.015412818640470505,0.010823456570506096,90.87321472167969,0.00040181237272918224,0.05436420068144798,8.394392352784052e-05,9.314046474173665e-05,0.010823456570506096,0.004543660674244165,4.018123945570551e-05,5.436419996840414e-06,8.394393091748498e-08,4.657023100484992e-10,0.8719206222684556,0.8719206222684556,,0.015418030321598053,,,
2775,train,,0.015376139432191849,0.010765081271529198,91.22529602050781,0.00043456361163407564,0.062303103506565094,0.00010638498497428373,9.359435352962464e-05,0.010765081271529198,0.004561264533549547,4.345636261859909e-05,6.230310191313038e-06,1.063849879301415e-07,4.679717724442867e-10,0.8718641969696022,0.8718641969696022,,0.015376194380223751,,,
2800,train,,0.015495441854000092,0.010968083515763283,89.50698852539062,0.0004612644261214882,0.05790182948112488,9.188780677504838e-05,9.163688082480803e-05,0.010968083515763283,0.004475349094718695,4.612644261214882e-05,5.790182967757573e-06,9.188781291413761e-08,4.581843793260987e-10,0.869781433501918,0.869781433501918,,0.015443230047821999,,,
2825,train,,0.015925241634249687,0.010868186131119728,100.20655059814453,0.00040798165719024837,0.05839349329471588,9.165977098746225e-05,0.00010223696881439537,0.010868186131119728,0.005010327324271202,4.079816790181212e-05,5.839349341840716e-06,9.165977843395012e-08,5.111848166983179e-10,0.8663168194784213,0.8663168194784213,,0.015609349124133587,,,
2850,train,,0.015422789379954338,0.010998754762113094,87.27039337158203,0.0005483258864842355,0.055913154035806656,9.150838741334155e-05,8.95278062671423e-05,0.010998754762113094,0.0043635196052491665,5.483258792082779e-05,5.591315130004659e-06,9.150839019866908e-08,4.476390091934235e-10,0.8710563491133484,0.8710563491133484,,0.01550951786339283,,,
2875,train,,0.015296570025384426,0.0107641676440835,89.57564544677734,0.0004728692874778062,0.06221418455243111,0.00011268327943980694,9.209914423990995e-05,0.0107641676440835,0.004478781949728727,4.728692874778062e-05,6.221418516361155e-06,1.1268328137248318e-07,4.6049569712991456e-10,0.871907786278645,0.871907786278645,,0.015309297479689121,,,
2900,train,,0.015460477210581303,0.01108615379780531,86.42655944824219,0.00046385222231037915,0.06493240594863892,0.00011675939458655193,8.881281974026933e-05,0.01108615379780531,0.0043213278986513615,4.6385222958633676e-05,6.493240562122082e-06,1.1675940214672664e-07,4.4406409105413047e-10,0.8669997783689032,0.8669997783689032,,0.015674538910388947,,,
2925,train,,0.019062431529164314,0.015162303112447262,75.24129486083984,0.0013214799109846354,0.05825234577059746,9.190903074340895e-05,7.309978536795825e-05,0.015162303112447262,0.0037620647344738245,0.00013214799400884658,5.825234438816551e-06,9.190903682565477e-08,3.6549890891635073e-10,0.8373156145199964,0.8373156145199964,,0.017009127885103226,,,
2950,train,,0.015579034574329853,0.010805876925587654,94.64431762695312,0.0003565744555089623,0.052114278078079224,7.214695506263524e-05,9.619889897294343e-05,0.010805876925587654,0.004732215777039528,3.565744555089623e-05,5.211427833273774e-06,7.214696040591662e-08,4.809944664785348e-10,0.872365529672435,0.872365529672435,,0.015657944604754448,,,
2975,train,,0.015354642644524574,0.0107417032122612,91.04015350341797,0.0005648379446938634,0.043725043535232544,7.441865454893559e-05,9.316534124081954e-05,0.0107417032122612,0.004552007652819157,5.648379374179058e-05,4.372504463390214e-06,7.44186579026973e-08,4.658267105384084e-10,0.870899856530739,0.870899856530739,,0.015366504900157452,,,
3000,train,,0.015455173328518867,0.011178682558238506,84.33731079101562,0.0005322065553627908,0.06278081983327866,0.00012634335143957287,8.658928709337488e-05,0.011178682558238506,0.004216865636408329,5.3220657719066367e-05,6.278081855271012e-06,1.2634335178063338e-07,4.329464287078366e-10,0.8676891215440292,0.8676891215440292,,0.015505354851484299,,,
3025,train,,0.015267983078956604,0.010778122581541538,88.95878601074219,0.00034854983096010983,0.06928330659866333,0.00013769201177638024,9.159411274595186e-05,0.010778122581541538,0.0044479393400251865,3.4854983823606744e-05,6.928330549271777e-06,1.3769201245850127e-07,4.5797055037155587e-10,0.8718077492297942,0.8718077492297942,,0.015296167694032192,,,
3050,train,,0.015227454714477062,0.010779591277241707,88.46417236328125,0.00017521406698506325,0.06996718049049377,0.0001365331409033388,9.116243745665997e-05,0.010779591277241707,0.00442320853471756,1.7521406334708445e-05,6.996717729634838e-06,1.3653314567818597e-07,4.558121657893821e-10,0.87160806422915,0.87160806422915,,0.01522881630808115,,,
3075,train,,0.01567441038787365,0.011173001490533352,89.28929138183594,0.0002983853919431567,0.0697886124253273,0.00012944385525770485,9.172903810394928e-05,0.011173001490533352,0.004464464262127876,2.9838540285709314e-05,6.978861165407579e-06,1.2944386185154144e-07,4.5864517739246935e-10,0.8597778256469752,0.8597778256469752,,0.015780966728925705,,,
3100,train,,0.015260690823197365,0.010768258012831211,89.29020690917969,0.00021674219169653952,0.06145346909761429,0.00010225037840427831,9.192172001348808e-05,0.010768258012831211,0.00446451036259532,2.1674219169653952e-05,6.145346560515463e-06,1.0225038238331763e-07,4.5960860117766345e-10,0.8714529475872671,0.8714529475872671,,0.015298623591661453,,,
3125,train,,0.015219012275338173,0.01081120129674673,87.79319763183594,0.00011330637062201276,0.0671001747250557,0.00011074187932536006,9.050861990544945e-05,0.01081120129674673,0.004389659967273474,1.1330636880302336e-05,6.710017260047607e-06,1.1074188677184793e-07,4.525430863377977e-10,0.8712951380567517,0.8712951380567517,,0.01522006280720234,,,
3150,train,,0.015205827541649342,0.01079682819545269,87.88629150390625,7.260878919623792e-05,0.07298967242240906,0.0001257975964108482,9.067184873856604e-05,0.01079682819545269,0.004394314251840115,7.2608791015227325e-06,7.298966920643579e-06,1.2579759811615077e-07,4.533592390387753e-10,0.8711301553163924,0.8711301553163924,,0.01520612183958292,,,
3175,train,,0.015199873596429825,0.010795415379106998,87.82874298095703,5.387100100051612e-05,0.07503893971443176,0.0001308656355831772,9.065103222383186e-05,0.010795415379106998,0.00439143693074584,5.387100372900022e-06,7.5038938120997045e-06,1.308656436549427e-07,4.532551556302167e-10,0.871070346457827,0.871070346457827,,0.015200052410364151,,,
3200,train,,0.015280420891940594,0.011052152141928673,84.3230209350586,4.4033480662619695e-05,0.07585853338241577,0.00012885319301858544,8.706811786396429e-05,0.011052152141928673,0.004216150846332312,4.40334815721144e-06,7.585852927149972e-06,1.2885320188615879e-07,4.3534056914928954e-10,0.8720026506481369,0.8720026506481369,,0.015236116014420986,,,
3225,train,,0.01536985021084547,0.010668938048183918,93.67093658447266,9.499543375568464e-05,0.07737798988819122,0.00012771990441251546,9.663565288065001e-05,0.010668938048183918,0.004683546721935272,9.499543921265285e-06,7.737799023743719e-06,1.2771991464433086e-07,4.831782751679725e-10,0.8698903424238431,0.8698903424238431,,0.015232238918542862,,,
3250,train,,0.015252615325152874,0.010999182239174843,84.75949096679688,7.744729373371229e-05,0.07594702392816544,0.00011883679690072313,8.756273018661886e-05,0.010999182239174843,0.004237974528223276,7.744729373371229e-06,7.5947023105982225e-06,1.1883680173241373e-07,4.378136464477933e-10,0.870803746196865,0.870803746196865,,0.015237919054925442,,,
3275,train,,0.015198057517409325,0.010812428779900074,87.4544677734375,5.075607987237163e-05,0.0770903155207634,0.00011988097685389221,9.034720278577879e-05,0.010812428779900074,0.004372723400592804,5.075607987237163e-06,7.709031706326641e-06,1.1988097980975e-07,4.5173600971004646e-10,0.8711588169558789,0.8711588169558789,,0.015200057066977024,,,
3300,train,,0.015191124752163887,0.010784052312374115,87.90862274169922,3.709668089868501e-05,0.07810525596141815,0.0001215925658470951,9.08446527319029e-05,0.010784052312374115,0.0043954309076070786,3.709668135343236e-06,7.810524948581588e-06,1.2159257778421306e-07,4.542232423521142e-10,0.8709681952479207,0.8709681952479207,,0.01519105862826109,,,
3325,train,,0.015187757089734077,0.01079998817294836,87.5354995727539,2.9739825549768284e-05,0.0789947360754013,0.0001214610820170492,9.048056381288916e-05,0.01079998817294836,0.004376774653792381,2.9739826459262986e-06,7.89947353041498e-06,1.214610847455333e-07,4.5240280965863633e-10,0.8709923277449682,0.8709923277449682,,0.015187844634056091,,,
3350,train,,0.015187997370958328,0.010766304098069668,88.2225341796875,2.4763587134657428e-05,0.07969465851783752,0.00012082181638106704,9.119473543250933e-05,0.010766304098069668,0.004411126486957073,2.476358758940478e-06,7.969465514179319e-06,1.2082182365702465e-07,4.5597367548388945e-10,0.871149881472517,0.871149881472517,,0.015186834149062634,,,
3375,train,,0.01525038480758667,0.010856901295483112,87.60094451904297,5.676013097399846e-05,0.07648809254169464,0.00011108061153208837,9.053629037225619e-05,0.010856901295483112,0.00438004732131958,5.676013188349316e-06,7.648809514648747e-06,1.1108061670483949e-07,4.5268144788224163e-10,0.8683027994918467,0.8683027994918467,,0.015235190279781818,,,
3400,train,,0.01519306842237711,0.01082006748765707,87.21730041503906,4.296257975511253e-05,0.07729920744895935,0.0001096028572646901,9.018398850457743e-05,0.01082006748765707,0.004360864870250225,4.296257884561783e-06,7.729920980636962e-06,1.0960286545014242e-07,4.5091994027579574e-10,0.870855048480462,0.870855048480462,,0.015197822824120522,,,
3425,train,,0.015185621567070484,0.010787914507091045,87.73202514648438,2.9516948416130617e-05,0.0803506150841713,0.00011921536497538909,9.073943510884419e-05,0.010787914507091045,0.004386601038277149,2.9516947961383266e-06,8.035061000555288e-06,1.1921537179659936e-07,4.5369716317189557e-10,0.8709004176329769,0.8709004176329769,,0.015185858123004436,,,
3450,train,,0.01518271304666996,0.01078447513282299,87.75294494628906,2.2856780560687184e-05,0.08182691782712936,0.0001228763721883297,9.078260336536914e-05,0.01078447513282299,0.004387646913528442,2.2856781924929237e-06,8.182691999536473e-06,1.228763721883297e-07,4.539130182834583e-10,0.8708432560425097,0.8708432560425097,,0.015182580798864365,,,
3475,train,,0.015258532017469406,0.010960066691040993,85.663330078125,6.748707528458908e-05,0.08424437046051025,0.00012614845763891935,8.842915849527344e-05,0.010960066691040993,0.004283166490495205,6.748707619408378e-06,8.42443660076242e-06,1.261484641190691e-07,4.421457922010319e-10,0.8668012960061181,0.8668012960061181,,0.0153366569429636,,,
3500,train,,0.015205749310553074,0.010856477543711662,86.7259750366211,4.882010034634732e-05,0.07980821281671524,0.00011111565981991589,8.970067574409768e-05,0.010856477543711662,0.004336298443377018,4.882010216533672e-06,7.980821465025656e-06,1.1111566777799453e-07,4.485033733292454e-10,0.8711550612951351,0.8711550612951351,,0.015203561633825302,,,
3525,train,,0.015184733085334301,0.010777601040899754,87.91508483886719,3.052395550184883e-05,0.08206210285425186,0.00012055848492309451,9.097583824768662e-05,0.010777601040899754,0.00439575407654047,3.0523956411343534e-06,8.206209713534918e-06,1.2055849651915196e-07,4.5487918987063836e-10,0.8708444899232725,0.8708444899232725,,0.015184927731752396,,,
3550,train,,0.015179741196334362,0.010801439173519611,87.35022735595703,2.2656484361505136e-05,0.08399924635887146,0.00012599590991158038,9.041932207765058e-05,0.010801439173519611,0.004367511253803968,2.2656483906757785e-06,8.399924809054937e-06,1.259959105937014e-07,4.520966101484447e-10,0.8709366016666709,0.8709366016666709,,0.015179920941591263,,,
3575,train,,0.015177536755800247,0.010785802267491817,87.62677764892578,1.8228613043902442e-05,0.08448472619056702,0.0001251309586223215,9.071749082067981e-05,0.010785802267491817,0.0043813386000692844,1.8228613498649793e-06,8.448472726740874e-06,1.2513096692146064e-07,4.53587445381487e-10,0.8709252529323777,0.8709252529323777,,0.015177550725638866,,,
3600,train,,0.015470335260033607,0.011518540792167187,78.77458190917969,4.439254917087965e-05,0.08501612395048141,0.0001241470454260707,8.159786375472322e-05,0.011518540792167187,0.00393872894346714,4.439255008037435e-06,8.501611773681361e-06,1.241470499735442e-07,4.079893090036535e-10,0.8670653656713105,0.8670653656713105,,0.015397745184600353,,,
3625,train,,0.015206028707325459,0.010747880674898624,88.91041564941406,3.8727095670765266e-05,0.08634643256664276,0.00012126757792429999,9.20249949558638e-05,0.010747880674898624,0.00444552069529891,3.872709839924937e-06,8.634642654214986e-06,1.212675897477311e-07,4.601249659064166e-10,0.8708118893801458,0.8708118893801458,,0.015197367407381535,,,
3650,train,,0.015180977992713451,0.010809972882270813,87.1989974975586,2.547105759731494e-05,0.08389175683259964,0.00011891820759046823,9.02966785361059e-05,0.010809972882270813,0.004359949845820665,2.547105850680964e-06,8.389175491174683e-06,1.1891821571907712e-07,4.51483378460793e-10,0.8709866484690295,0.8709866484690295,,0.015181543305516243,,,
3675,train,,0.01517663337290287,0.010788993909955025,87.54157257080078,1.8507900676922873e-05,0.08587207645177841,0.00012414537195581943,9.065399353858083e-05,0.010788993909955025,0.004377078730612993,1.8507901131670224e-06,8.587207048549317e-06,1.241453730926878e-07,4.532699493520198e-10,0.871116017591184,0.871116017591184,,0.015176231972873211,,,
3700,train,,0.015221844427287579,0.010810106992721558,88.0314712524414,2.472814594511874e-05,0.07589387148618698,0.00010117259080288932,9.105771459871903e-05,0.010810106992721558,0.004401573445647955,2.472814685461344e-06,7.589386768813711e-06,1.0117259563457992e-07,4.5528855685539327e-10,0.8692822671839531,0.8692822671839531,,0.015250141732394695,,,
3725,train,,0.01517859660089016,0.01081335823982954,87.09539794921875,2.1873744117328897e-05,0.08166024088859558,0.00011475790961412713,9.02092142496258e-05,0.01081335823982954,0.004354769829660654,2.187374548157095e-06,8.166023690137081e-06,1.1475791694692816e-07,4.5104606161139316e-10,0.870826103633995,0.870826103633995,,0.015180309303104877,,,
3750,train,,0.015229126438498497,0.010785293765366077,88.65274047851562,2.204810516559519e-05,0.08856800943613052,0.00013533825404010713,9.17885554372333e-05,0.010785293765366077,0.00443263677880168,2.2048104710847838e-06,8.85680037754355e-06,1.3533825438116764e-07,4.589427726742201e-10,0.8684827857541313,0.8684827857541313,,0.01523036602884531,,,
3775,train,,0.015182883478701115,0.010785739868879318,87.7149658203125,2.50444354605861e-05,0.08760865032672882,0.0001294311514357105,9.089305240195245e-05,0.010785739868879318,0.004385748412460089,2.504443500583875e-06,8.760865057411138e-06,1.2943115734742605e-07,4.5446524321590687e-10,0.8707920424576833,0.8707920424576833,,0.015180856920778751,,,
3800,train,,0.015173681080341339,0.010819398798048496,86.87278747558594,1.8233178707305342e-05,0.08693447709083557,0.00012582259660121053,9.00331069715321e-05,0.010819398798048496,0.004343639127910137,1.8233179162052693e-06,8.693447853147518e-06,1.2582260922044952e-07,4.5016551597498733e-10,0.8708265731160717,0.8708265731160717,,0.015173383988440037,,,
3825,train,,0.015295327641069889,0.011160547845065594,82.48469543457031,1.543328835396096e-05,0.08871887624263763,0.00013029224646743387,8.5535051766783e-05,0.011160547845065594,0.004124234896153212,1.5433288353960961e-06,8.87188707565656e-06,1.30292249878039e-07,4.2767525632037007e-10,0.8695025934118956,0.8695025934118956,,0.01522920373827219,,,
3850,train,,0.015269088558852673,0.010961318388581276,85.87383270263672,4.869819531450048e-05,0.09081189334392548,0.00012797086674254388,8.891386823961511e-05,0.010961318388581276,0.0042936913669109344,4.869819804298459e-06,9.081189091375563e-06,1.2797087833860132e-07,4.4456932579706177e-10,0.8685933643850099,0.8685933643850099,,0.015308884903788567,,,
3875,train,,0.015190411359071732,0.010833675041794777,86.90094757080078,2.958564436994493e-05,0.08612341433763504,0.00011869769514305517,9.005699394037947e-05,0.010833675041794777,0.004345047287642956,2.958564436994493e-06,8.612340934632812e-06,1.1869769878103398e-07,4.502849482168614e-10,0.8709164883932381,0.8709164883932381,,0.015189019031822681,,,
3900,train,,0.015173298306763172,0.010803136974573135,87.18314361572266,1.9183524273103103e-05,0.08953773230314255,0.00013085361570119858,9.038040298037231e-05,0.010803136974573135,0.004359157290309668,1.9183523818355752e-06,8.953773431130685e-06,1.3085362127185363e-07,4.5190201580780354e-10,0.8708072338506845,0.8708072338506845,,0.015173320658504963,,,
3925,train,,0.015427492558956146,0.01083532813936472,91.62366485595703,1.990698183362838e-05,0.08862380683422089,0.0001272913214052096,9.467877680435777e-05,0.01083532813936472,0.004581183195114136,1.990698137888103e-06,8.862380127538927e-06,1.2729132947697508e-07,4.73393879651951e-10,0.8703201357607515,0.8703201357607515,,0.015713509172201157,,,
3950,train,,0.015189622528851032,0.0108105493709445,87.36365509033203,2.766061879810877e-05,0.08015432208776474,0.000107678679341916,9.050543303601444e-05,0.0108105493709445,0.004368182737380266,2.7660619252856122e-06,8.015432285901625e-06,1.0767868729999464e-07,4.5252715463739435e-10,0.8702225675276041,0.8702225675276041,,0.015193318016827106,,,
3975,train,,0.015197605825960636,0.010746503248810768,88.802734375,1.8545208149589598e-05,0.08980253338813782,0.0001323585893260315,9.206769755110145e-05,0.010746503248810768,0.004440136719495058,1.854520860433695e-06,8.980253369372804e-06,1.3235859341875766e-07,4.6033848954962764e-10,0.8696930465717985,0.8696930465717985,,0.015187193639576435,,,
4000,train,,0.015196624211966991,0.010729212313890457,89.10797882080078,2.3595071979798377e-05,0.09510893374681473,0.00014247007493395358,9.237882477464154e-05,0.010729212313890457,0.004455398768186569,2.359507334404043e-06,9.51089350564871e-06,1.424700855068295e-07,4.618941062961568e-10,0.8717003554945824,0.8717003554945824,,0.01520878728479147,,,
4000,final_selected_best,3907,0.015171282924711704,0.010806681588292122,87.0743179321289,1.7350184862152673e-05,0.09018568694591522,0.0001325906050624326,9.027870692079887e-05,0.010806681588292122,0.004353715572506189,1.7350184862152673e-06,9.018568562169094e-06,1.3259061404369277e-07,4.513935336625252e-10,0.8709801844426192,0.8709801844426192,,0.015171151608228683,0.8709801844426192,0.09227100638743305,0.04687128722349977
